site,system,date,cmb_row_status,report_pages,pm25_mass,sulfate,sulfate_se,ammonium_nitrate,ammonium_nitrate_se,no2_fuel_oil,no2_fuel_oil_se,autos,autos_se,diesel,diesel_se,wood_smoke,wood_smoke_se
state_building,epa,2008-11-08,valid,110-111,40.0,4.7,0.6,2.8,0.6,,,0.0,0.0,2.3,1.1,27.0,3.6
state_building,epa,2008-11-11,valid,110-111,31.9,3.6,0.4,2.0,0.5,,,10.7,3.2,0.0,0.0,17.2,2.6
state_building,epa,2008-11-14,valid,110-111,52.1,8.8,1.1,4.5,1.1,,,14.6,5.9,0.0,0.0,26.2,4.2
state_building,epa,2008-11-17,valid,110-111,20.7,2.7,0.3,2.0,0.4,,,0.0,0.0,0.0,0.0,15.4,2.0
state_building,epa,2008-11-20,valid,110-111,16.8,3.0,0.4,1.2,0.5,,,2.7,1.3,0.0,0.0,11.7,2.0
state_building,epa,2008-11-23,valid,110-111,23.4,3.6,0.4,2.1,0.6,,,0.0,0.0,2.8,1.0,14.6,2.2
state_building,epa,2008-11-26,valid,110-111,22.0,3.0,0.5,1.5,0.6,,,4.0,1.5,0.0,0.0,13.5,2.3
state_building,epa,2008-11-29,valid,110-111,16.4,2.3,0.3,1.6,0.3,,,0.0,0.0,0.0,0.0,12.0,1.6
state_building,epa,2008-12-02,valid,110-111,47.0,10.5,1.3,3.2,1.3,,,0.0,0.0,0.0,0.0,28.1,3.8
state_building,epa,2008-12-05,valid,110-111,31.0,4.1,0.5,2.2,0.5,,,11.1,3.4,0.0,0.0,15.5,2.5
state_building,epa,2008-12-08,no_or_incomplete_cmb_dataset,110-111,,,,,,,,,,,,,
state_building,epa,2008-12-11,valid,110-111,18.9,2.9,0.4,1.5,0.5,,,2.6,1.3,0.0,0.0,12.5,2.1
state_building,epa,2008-12-14,valid,110-111,39.0,7.0,0.9,3.0,0.9,,,0.0,0.0,0.0,0.0,24.2,3.1
state_building,epa,2008-12-17,valid,110-111,34.9,7.3,0.9,2.3,0.9,,,0.0,0.0,3.1,1.5,21.4,3.0
state_building,epa,2008-12-20,valid,110-111,26.1,4.3,0.5,2.6,0.6,,,0.0,0.0,0.0,0.0,18.0,2.4
state_building,epa,2008-12-23,valid,110-111,47.5,5.5,0.7,2.8,0.7,,,0.0,0.0,0.0,0.0,38.5,3.3
state_building,epa,2008-12-26,valid,110-111,15.9,2.6,0.4,1.1,0.6,,,3.6,1.4,0.0,0.0,9.0,1.8
state_building,epa,2008-12-29,valid,110-111,66.0,28.8,3.5,2.4,3.7,,,0.0,0.0,0.0,0.0,55.2,6.5
state_building,epa,2009-01-01,valid,110-111,28.2,5.2,0.6,2.2,0.7,,,0.0,0.0,0.0,0.0,18.2,2.4
state_building,epa,2009-01-04,valid,110-111,37.3,6.8,0.8,1.9,0.8,,,10.2,4.7,0.0,0.0,20.1,3.2
state_building,epa,2009-01-07,valid,110-111,63.7,17.6,2.2,4.0,2.2,,,0.0,0.0,0.0,0.0,35.2,5.0
state_building,epa,2009-01-10,valid,110-111,56.7,16.1,2.0,3.7,2.0,,,0.0,0.0,0.0,0.0,33.5,4.7
state_building,epa,2009-01-13,valid,110-111,31.4,5.9,0.8,3.3,1.0,,,5.4,2.3,0.0,0.0,17.6,3.1
state_building,epa,2009-01-16,mass_too_small_for_cmb,110-111,2.3,,,,,,,,,,,,
state_building,epa,2009-01-19,valid,110-111,8.2,1.7,0.2,1.4,0.2,,,0.0,0.0,0.0,0.0,3.9,0.7
state_building,epa,2009-01-22,valid,110-111,6.4,1.4,0.2,0.5,0.2,,,0.0,0.0,0.0,0.0,5.1,0.8
state_building,epa,2009-01-25,valid,110-111,26.7,4.3,0.5,3.7,0.6,,,0.0,0.0,0.0,0.0,18.2,2.4
state_building,epa,2009-01-28,valid,110-111,31.5,8.3,1.0,2.5,1.0,,,0.0,0.0,0.0,0.0,20.1,2.8
state_building,epa,2009-01-31,valid,110-111,13.4,3.0,0.4,1.3,0.4,,,0.0,0.0,0.0,0.0,9.1,1.3
state_building,epa,2009-02-03,valid,110-111,18.7,4.4,0.5,1.7,0.6,,,0.0,0.0,0.0,0.0,13.4,1.8
state_building,epa,2009-02-05,valid,110-111,43.1,7.2,0.8,4.6,0.9,,,0.0,0.0,0.0,0.0,26.9,3.2
state_building,epa,2009-02-06,no_or_incomplete_cmb_dataset,110-111,,,,,,,,,,,,,
state_building,epa,2009-02-07,valid,110-111,32.6,6.2,0.7,3.4,0.8,,,0.0,0.0,0.0,0.0,22.7,2.8
state_building,epa,2009-02-09,valid,110-111,12.3,2.0,0.2,1.3,0.3,,,0.0,0.0,0.0,0.0,8.5,1.2
state_building,epa,2009-02-12,valid,110-111,18.6,2.7,0.3,2.4,0.4,,,0.0,0.0,1.5,0.8,12.5,1.8
state_building,epa,2009-02-15,valid,110-111,29.6,5.3,0.7,3.4,0.7,,,7.6,3.8,0.0,0.0,14.6,2.4
state_building,epa,2009-02-18,valid,110-111,23.3,4.8,0.6,1.7,0.6,,,0.0,0.0,0.0,0.0,16.5,4.3
state_building,epa,2009-02-21,valid,110-111,15.6,3.0,0.4,1.2,0.4,,,0.0,0.0,0.0,0.0,11.7,1.6
state_building,epa,2009-02-24,valid,110-111,19.6,3.2,0.4,2.3,0.5,,,4.5,2.2,0.0,0.0,9.1,2.1
state_building,epa,2009-02-27,valid,110-111,6.9,1.6,0.2,0.6,0.2,,,0.0,0.0,0.0,0.0,4.7,1.4
state_building,epa,2009-03-02,valid,110-111,15.7,2.9,0.4,1.3,0.4,,,4.5,2.0,0.0,0.0,6.7,1.8
state_building,epa,2009-03-05,mass_too_small_for_cmb,110-111,5.7,,,,,,,,,,,,
state_building,epa,2009-03-08,valid,110-111,10.2,2.5,0.3,0.7,0.3,,,0.0,0.0,0.0,0.0,6.5,0.9
state_building,epa,2009-03-11,valid,110-111,16.1,2.1,0.3,2.4,0.4,,,0.0,0.0,1.8,0.7,9.8,1.4
state_building,epa,2009-03-14,valid,110-111,14.9,3.1,0.4,1.0,0.4,,,0.0,0.0,0.0,0.0,10.2,1.3
state_building,epa,2009-03-17,valid,110-111,10.0,2.6,0.3,0.8,0.3,,,0.0,0.0,0.0,0.0,6.4,1.0
state_building,epa,2009-03-20,no_or_incomplete_cmb_dataset,110-111,,,,,,,,,,,,,
state_building,epa,2009-03-23,valid,110-111,9.6,2.3,0.3,1.0,0.3,,,0.0,0.0,0.0,0.0,6.0,0.9
state_building,epa,2009-03-26,no_or_incomplete_cmb_dataset,110-111,,,,,,,,,,,,,
state_building,epa,2009-03-29,valid,110-111,10.0,2.1,0.3,1.0,0.3,,,0.0,0.0,1.5,0.7,5.4,0.9
state_building,epa,2009-04-01,valid,110-111,9.6,1.8,0.2,1.1,0.3,,,0.0,0.0,0.0,0.0,6.6,1.0
state_building,epa,2009-04-04,valid,110-111,7.8,1.6,0.2,0.6,0.2,,,0.0,0.0,0.0,0.0,5.7,0.9
state_building,epa,2009-04-07,valid,110-111,10.4,2.3,0.3,1.3,0.3,,,0.0,0.0,0.0,0.0,6.8,0.9
state_building,omni,2008-11-08,valid,112-113,40.0,2.8,0.6,1.8,0.4,11.9,2.3,,,,,19.0,2.6
state_building,omni,2008-11-11,valid,112-113,31.9,1.7,0.4,1.3,0.3,8.9,1.4,,,,,22.2,2.8
state_building,omni,2008-11-14,valid,112-113,52.1,8.7,1.1,4.4,1.1,0.0,0.0,,,,,31.4,2.6
state_building,omni,2008-11-17,valid,112-113,20.7,1.6,0.4,1.5,0.3,5.9,1.3,,,,,11.1,1.5
state_building,omni,2008-11-20,valid,112-113,16.8,3.2,0.4,1.1,0.4,0.0,0.0,,,,,13.9,1.2
state_building,omni,2008-11-23,valid,112-113,23.4,2.1,0.5,1.5,0.3,8.2,1.7,,,,,11.2,1.8
state_building,omni,2008-11-26,valid,112-113,22.0,1.9,0.4,0.9,0.3,7.8,1.5,,,,,11.7,1.7
state_building,omni,2008-11-29,valid,112-113,16.4,1.4,0.3,1.2,0.2,4.8,1.1,,,,,8.5,1.3
state_building,omni,2008-12-02,valid,112-113,47.0,10.5,1.3,3.1,1.3,0.0,0.0,,,,,28.3,2.6
state_building,omni,2008-12-05,valid,112-113,31.0,2.3,0.5,1.5,0.3,9.7,1.9,,,,,13.2,1.9
state_building,omni,2008-12-08,no_or_incomplete_cmb_dataset,112-113,,,,,,,,,,,,,
state_building,omni,2008-12-11,valid,112-113,18.9,3.1,0.4,1.5,0.4,0.0,0.0,,,,,14.6,1.3
state_building,omni,2008-12-14,valid,112-113,39.0,7.0,0.9,2.8,0.9,0.0,0.0,,,,,24.3,2.1
state_building,omni,2008-12-17,valid,112-113,34.9,7.5,0.9,2.2,0.9,0.0,0.0,,,,,23.2,2.1
state_building,omni,2008-12-20,valid,112-113,26.1,2.6,0.5,1.9,0.4,9.6,2.1,,,,,11.0,2.0
state_building,omni,2008-12-23,valid,112-113,47.5,5.2,0.6,2.7,0.7,0.0,0.0,,,,,30.8,2.6
state_building,omni,2008-12-26,valid,112-113,15.9,2.9,0.4,1.1,0.4,0.0,0.0,,,,,11.9,1.1
state_building,omni,2008-12-29,valid,112-113,66.0,28.6,3.5,5.8,3.6,0.0,0.0,,,,,21.7,2.1
state_building,omni,2009-01-01,valid,112-113,28.2,3.6,0.7,1.4,0.5,9.0,2.7,,,,,12.1,2.4
state_building,omni,2009-01-04,valid,112-113,37.3,4.0,0.8,0.7,0.5,15.0,3.1,,,,,13.5,2.8
state_building,omni,2009-01-07,valid,112-113,63.7,17.5,2.1,3.8,2.2,0.0,0.0,,,,,36.0,3.5
state_building,omni,2009-01-10,valid,112-113,56.7,16.0,2.0,3.5,2.0,0.0,0.0,,,,,34.0,3.3
state_building,omni,2009-01-13,valid,112-113,31.4,6.4,0.8,3.2,0.8,0.0,0.0,,,,,22.0,1.9
state_building,omni,2009-01-16,mass_too_small_for_cmb,112-113,2.3,,,,,,,,,,,,
state_building,omni,2009-01-19,valid,112-113,8.2,1.2,0.2,1.2,0.2,2.5,1.0,,,,,2.6,0.9
state_building,omni,2009-01-22,valid,112-113,6.4,1.4,0.2,0.4,0.2,0.0,0.0,,,,,5.2,0.6
state_building,omni,2009-01-25,valid,112-113,26.7,2.4,0.5,2.9,0.4,10.7,2.2,,,,,10.3,2.1
state_building,omni,2009-01-28,valid,112-113,31.5,8.2,1.0,2.4,1.0,0.0,0.0,,,,,20.5,1.9
state_building,omni,2009-01-31,valid,112-113,13.4,3.0,0.4,1.2,0.4,0.0,0.0,,,,,9.2,1.0
state_building,omni,2009-02-03,valid,112-113,18.7,4.3,0.5,1.6,0.6,0.0,0.0,,,,,13.5,1.3
state_building,omni,2009-02-05,valid,112-113,43.1,7.1,0.8,4.5,0.9,0.0,0.0,,,,,26.9,1.9
state_building,omni,2009-02-06,no_or_incomplete_cmb_dataset,112-113,,,,,,,,,,,,,
state_building,omni,2009-02-07,valid,112-113,32.6,3.6,0.7,2.3,0.5,14.3,2.8,,,,,13.1,2.4
state_building,omni,2009-02-09,valid,112-113,12.3,1.3,0.3,1.1,0.2,4.1,1.0,,,,,5.8,1.1
state_building,omni,2009-02-12,valid,112-113,18.6,2.8,0.3,2.7,0.4,0.0,0.0,,,,,13.3,1.2
state_building,omni,2009-02-15,valid,112-113,29.6,4.9,0.6,4.1,0.7,0.0,0.0,,,,,18.1,1.6
state_building,omni,2009-02-18,valid,112-113,23.3,4.7,0.6,2.2,0.6,0.0,0.0,,,,,13.9,1.3
state_building,omni,2009-02-21,valid,112-113,15.6,2.9,0.4,1.6,0.4,0.0,0.0,,,,,11.6,1.1
state_building,omni,2009-02-24,valid,112-113,19.6,1.8,0.4,2.2,0.3,7.9,1.6,,,,,7.0,1.5
state_building,omni,2009-02-27,valid,112-113,6.9,1.0,0.2,0.5,0.1,2.9,0.8,,,,,2.0,0.8
state_building,omni,2009-03-02,valid,112-113,15.7,1.6,0.3,1.3,0.3,6.6,1.3,,,,,5.9,1.3
state_building,omni,2009-03-05,mass_too_small_for_cmb,112-113,5.7,,,,,,,,,,,,
state_building,omni,2009-03-08,valid,112-113,10.2,2.4,0.3,0.9,0.3,0.0,0.0,,,,,6.3,0.8
state_building,omni,2009-03-11,valid,112-113,16.1,1.3,0.3,2.3,0.3,4.1,1.2,,,,,8.5,1.3
state_building,omni,2009-03-14,valid,112-113,14.9,1.6,0.4,0.8,0.2,7.9,1.3,,,,,4.3,1.3
state_building,omni,2009-03-17,valid,112-113,10.0,2.6,0.3,1.1,0.3,0.0,0.0,,,,,6.6,0.8
state_building,omni,2009-03-20,no_or_incomplete_cmb_dataset,112-113,,,,,,,,,,,,,
state_building,omni,2009-03-23,valid,112-113,9.6,2.3,0.3,1.2,0.3,0.0,0.0,,,,,6.2,0.7
state_building,omni,2009-03-26,no_or_incomplete_cmb_dataset,112-113,,,,,,,,,,,,,
state_building,omni,2009-03-29,valid,112-113,10.0,2.1,0.3,1.2,0.3,0.0,0.0,,,,,6.7,0.8
state_building,omni,2009-04-01,valid,112-113,9.6,1.1,0.2,1.1,0.2,3.7,0.9,,,,,3.4,1.3
state_building,omni,2009-04-04,valid,112-113,7.8,0.9,0.2,0.5,0.1,3.9,0.7,,,,,1.4,0.7
state_building,omni,2009-04-07,valid,112-113,10.4,1.4,0.3,1.2,0.2,5.0,1.1,,,,,2.8,1.0
state_building,omni_revised,2008-11-08,valid,114-115,40.0,2.8,0.6,1.8,0.4,11.9,2.3,0.0,0.0,0.0,0.0,19.0,2.6
state_building,omni_revised,2008-11-11,valid,114-115,31.9,1.7,0.4,1.3,0.3,8.9,1.8,0.0,0.0,1.6,0.8,19.6,3.1
state_building,omni_revised,2008-11-14,valid,114-115,52.1,3.2,0.9,2.5,0.5,29.7,3.2,0.0,0.0,0.0,0.0,18.1,4.9
state_building,omni_revised,2008-11-17,valid,114-115,20.7,1.6,0.4,1.5,0.3,5.9,1.3,0.0,0.0,0.0,0.0,11.1,1.5
state_building,omni_revised,2008-11-20,valid,114-115,16.8,1.8,0.4,0.6,0.3,7.8,1.4,0.0,0.0,0.0,0.0,8.7,1.5
state_building,omni_revised,2008-11-23,valid,114-115,23.4,2.1,0.5,1.5,0.3,8.2,1.7,0.0,0.0,0.0,0.0,11.2,1.8
state_building,omni_revised,2008-11-26,valid,114-115,22.0,1.9,0.4,0.9,0.3,7.8,1.5,0.0,0.0,0.0,0.0,11.7,1.7
state_building,omni_revised,2008-11-29,valid,114-115,16.4,1.4,0.3,1.2,0.2,4.8,1.1,0.0,0.0,0.0,0.0,8.5,1.3
state_building,omni_revised,2008-12-02,valid,114-115,47.0,5.4,1.2,0.0,0.0,28.5,4.1,0.0,0.0,0.0,0.0,8.3,3.6
state_building,omni_revised,2008-12-05,valid,114-115,31.0,1.6,0.5,1.4,0.5,11.3,2.4,2.9,1.4,0.0,0.0,13.8,3.4
state_building,omni_revised,2008-12-08,no_or_incomplete_cmb_dataset,114-115,,,,,,,,,,,,,
state_building,omni_revised,2008-12-11,valid,114-115,18.9,1.5,0.3,0.9,0.2,8.6,1.3,0.0,0.0,0.0,0.0,8.3,1.5
state_building,omni_revised,2008-12-14,valid,114-115,39.0,3.0,0.7,1.5,0.4,21.4,2.7,0.0,0.0,0.0,0.0,15.4,4.1
state_building,omni_revised,2008-12-17,valid,114-115,34.9,3.8,0.8,0.0,0.0,21.0,2.9,0.0,0.0,0.0,0.0,9.0,2.7
state_building,omni_revised,2008-12-20,valid,114-115,26.1,2.6,0.5,1.9,0.4,9.6,2.1,0.0,0.0,0.0,0.0,11.0,2.0
state_building,omni_revised,2008-12-23,valid,114-115,47.5,5.2,0.6,2.7,0.7,0.0,0.0,0.0,0.0,0.0,0.0,30.8,2.6
state_building,omni_revised,2008-12-26,valid,114-115,15.9,1.7,0.4,0.6,0.2,7.0,1.4,0.0,0.0,0.0,0.0,7.3,1.4
state_building,omni_revised,2008-12-29,no_or_incomplete_cmb_dataset,114-115,,,,,,,,,,,,,
state_building,omni_revised,2009-01-01,valid,114-115,28.2,3.6,0.7,1.4,0.5,9.0,2.7,0.0,0.0,0.0,0.0,12.1,2.4
state_building,omni_revised,2009-01-04,valid,114-115,37.3,3.4,0.7,0.0,0.0,17.4,2.4,0.0,0.0,0.0,0.0,19.1,4.0
state_building,omni_revised,2009-01-07,valid,114-115,63.7,8.6,1.7,0.0,0.0,50.5,3.6,0.0,0.0,0.0,0.0,0.0,0.0
state_building,omni_revised,2009-01-10,valid,114-115,56.7,7.8,1.5,0.0,0.0,46.9,3.3,0.0,0.0,0.0,0.0,0.0,0.0
state_building,omni_revised,2009-01-13,valid,114-115,31.4,3.8,0.8,2.2,0.6,14.6,3.0,0.0,0.0,0.0,0.0,12.4,2.7
state_building,omni_revised,2009-01-16,mass_too_small_for_cmb,114-115,2.3,,,,,,,,,,,,
state_building,omni_revised,2009-01-19,valid,114-115,8.2,1.2,0.2,1.2,0.2,2.5,1.0,0.0,0.0,0.0,0.0,2.6,0.9
state_building,omni_revised,2009-01-22,valid,114-115,6.4,0.9,0.2,0.3,0.1,2.6,0.7,0.0,0.0,0.0,0.0,3.4,0.8
state_building,omni_revised,2009-01-25,valid,114-115,26.7,2.4,0.5,2.9,0.4,10.7,2.2,0.0,0.0,0.0,0.0,10.3,2.1
state_building,omni_revised,2009-01-28,valid,114-115,31.5,4.2,0.9,0.0,0.0,22.3,3.0,0.0,0.0,0.0,0.0,8.8,4.3
state_building,omni_revised,2009-01-31,valid,114-115,13.4,1.8,0.4,0.8,0.3,6.5,1.4,0.0,0.0,0.0,0.0,4.8,1.3
state_building,omni_revised,2009-02-03,valid,114-115,18.7,2.9,0.6,1.1,0.4,8.4,2.2,0.0,0.0,0.0,0.0,7.8,1.9
state_building,omni_revised,2009-02-05,valid,114-115,43.1,3.7,0.7,3.1,0.6,19.3,3.0,0.0,0.0,0.0,0.0,13.5,2.6
state_building,omni_revised,2009-02-06,no_or_incomplete_cmb_dataset,114-115,,,,,,,,,,,,,
state_building,omni_revised,2009-02-07,valid,114-115,32.6,3.6,0.7,2.3,0.5,14.3,2.8,0.0,0.0,0.0,0.0,13.1,2.4
state_building,omni_revised,2009-02-09,valid,114-115,12.3,1.3,0.3,1.1,0.2,4.1,1.0,0.0,0.0,0.0,0.0,5.8,1.1
state_building,omni_revised,2009-02-12,valid,114-115,18.6,1.7,0.4,2.2,0.3,5.9,1.4,0.0,0.0,0.0,0.0,9.1,1.5
state_building,omni_revised,2009-02-15,valid,114-115,29.6,2.9,0.7,3.1,0.5,12.8,2.6,0.0,0.0,0.0,0.0,8.6,2.2
state_building,omni_revised,2009-02-18,valid,114-115,23.3,2.9,0.6,1.5,0.4,10.0,2.3,0.0,0.0,0.0,0.0,7.2,2.0
state_building,omni_revised,2009-02-21,valid,114-115,15.6,1.3,0.3,1.0,0.2,9.5,1.3,0.0,0.0,0.0,0.0,5.0,1.3
state_building,omni_revised,2009-02-24,valid,114-115,19.6,1.8,0.4,2.2,0.3,7.9,1.6,0.0,0.0,0.0,0.0,7.0,1.5
state_building,omni_revised,2009-02-27,valid,114-115,6.9,1.0,0.2,0.5,0.1,2.9,0.8,0.0,0.0,0.0,0.0,2.0,0.8
state_building,omni_revised,2009-03-02,valid,114-115,15.7,1.6,0.3,1.3,0.3,6.6,1.3,0.0,0.0,0.0,0.0,5.9,1.3
state_building,omni_revised,2009-03-05,mass_too_small_for_cmb,114-115,5.7,,,,,,,,,,,,
state_building,omni_revised,2009-03-08,valid,114-115,10.2,1.5,0.3,0.5,0.2,5.7,1.1,0.0,0.0,0.0,0.0,3.3,1.6
state_building,omni_revised,2009-03-11,valid,114-115,16.1,1.3,0.3,2.3,0.3,4.1,1.2,0.0,0.0,0.0,0.0,8.5,1.3
state_building,omni_revised,2009-03-14,valid,114-115,14.9,1.6,0.4,0.8,0.2,7.9,1.3,0.0,0.0,0.0,0.0,4.3,1.3
state_building,omni_revised,2009-03-17,valid,114-115,10.0,1.1,0.3,0.6,0.2,8.4,0.7,0.0,0.0,0.0,0.0,0.0,0.0
state_building,omni_revised,2009-03-20,no_or_incomplete_cmb_dataset,114-115,,,,,,,,,,,,,
state_building,omni_revised,2009-03-23,valid,114-115,9.6,1.4,0.3,0.9,0.2,5.0,1.1,0.0,0.0,0.0,0.0,2.9,1.0
state_building,omni_revised,2009-03-26,no_or_incomplete_cmb_dataset,114-115,,,,,,,,,,,,,
state_building,omni_revised,2009-03-29,valid,114-115,10.0,1.4,0.3,0.8,0.2,4.6,1.1,0.0,0.0,0.0,0.0,3.0,1.0
state_building,omni_revised,2009-04-01,valid,114-115,9.6,1.1,0.2,1.1,0.2,3.7,0.9,0.0,0.0,0.0,0.0,3.4,1.3
state_building,omni_revised,2009-04-04,valid,114-115,7.8,0.8,0.2,0.5,0.1,4.0,0.7,0.0,0.0,0.0,0.0,2.1,1.1
state_building,omni_revised,2009-04-07,valid,114-115,10.4,1.4,0.3,1.2,0.2,5.0,1.1,0.0,0.0,0.0,0.0,2.8,1.0
north_pole,epa,2009-01-25,valid,116-116,39.8,2.6,0.3,1.7,0.3,,,0.0,0.0,0.0,0.0,29.9,3.3
north_pole,epa,2009-01-28,valid,116-116,13.8,2.0,0.2,0.9,0.2,,,0.0,0.0,0.0,0.0,10.7,1.4
north_pole,epa,2009-01-31,valid,116-116,9.7,1.3,0.1,0.5,0.2,,,0.0,0.0,0.0,0.0,7.4,0.9
north_pole,epa,2009-02-03,valid,116-116,15.0,1.7,0.2,0.8,0.2,,,0.0,0.0,0.0,0.0,14.0,1.7
north_pole,epa,2009-02-05,valid,116-116,32.1,2.9,0.3,2.4,0.6,,,3.4,1.0,0.0,0.0,23.8,3.0
north_pole,epa,2009-02-06,valid,116-116,26.0,1.9,0.2,1.4,0.3,,,0.0,0.0,5.0,2.3,18.3,2.4
north_pole,epa,2009-02-07,valid,116-116,61.7,5.4,0.6,2.7,0.7,,,0.0,0.0,0.0,0.0,53.5,5.8
north_pole,epa,2009-02-09,valid,116-116,6.0,1.0,0.1,0.7,0.1,,,0.0,0.0,0.0,0.0,5.3,0.7
north_pole,epa,2009-02-12,valid,116-116,32.0,2.1,0.2,1.3,0.3,,,0.0,0.0,4.8,2.4,24.5,3.1
north_pole,epa,2009-02-15,valid,116-116,34.3,2.3,0.3,1.5,0.3,,,0.0,0.0,0.0,0.0,28.4,3.2
north_pole,epa,2009-02-18,no_or_incomplete_cmb_dataset,116-116,,,,,,,,,,,,,
north_pole,epa,2009-02-21,valid,116-116,10.3,1.3,0.1,0.5,0.2,,,0.0,0.0,0.0,0.0,8.1,1.1
north_pole,epa,2009-02-24,valid,116-116,26.1,1.9,0.2,1.1,0.3,,,0.0,0.0,4.6,2.2,18.3,2.4
north_pole,epa,2009-02-27,valid,116-116,6.7,1.4,0.2,0.7,0.2,,,0.0,0.0,0.0,0.0,4.4,0.7
north_pole,epa,2009-03-02,valid,116-116,10.4,1.3,0.1,0.7,0.2,,,0.0,0.0,0.0,0.0,7.7,1.0
north_pole,epa,2009-03-05,mass_too_small_for_cmb,116-116,4.7,,,,,,,,,,,,
north_pole,epa,2009-03-08,valid,116-116,6.1,1.1,0.1,0.4,0.1,,,0.0,0.0,0.0,0.0,4.6,0.7
north_pole,epa,2009-03-11,valid,116-116,12.5,1.0,0.1,0.8,0.1,,,0.0,0.0,0.0,0.0,11.3,2.4
north_pole,epa,2009-03-14,valid,116-116,14.1,2.0,0.2,0.6,0.3,,,0.0,0.0,0.0,0.0,12.1,1.5
north_pole,epa,2009-03-17,mass_too_small_for_cmb,116-116,3.8,,,,,,,,,,,,
north_pole,epa,2009-03-20,mass_too_small_for_cmb,116-116,4.6,,,,,,,,,,,,
north_pole,epa,2009-03-23,mass_too_small_for_cmb,116-116,4.5,,,,,,,,,,,,
north_pole,epa,2009-03-26,mass_too_small_for_cmb,116-116,3.0,,,,,,,,,,,,
north_pole,epa,2009-03-29,valid,116-116,11.8,1.8,0.2,0.7,0.2,,,0.0,0.0,0.0,0.0,9.8,2.1
north_pole,epa,2009-04-01,valid,116-116,10.6,1.3,0.1,0.5,0.2,,,0.0,0.0,0.0,0.0,8.2,1.7
north_pole,epa,2009-04-04,valid,116-116,7.5,1.3,0.1,0.0,0.0,,,0.0,0.0,0.0,0.0,5.6,1.3
north_pole,epa,2009-04-07,valid,116-116,11.4,1.5,0.2,0.0,0.0,,,0.0,0.0,0.0,0.0,9.2,1.2
north_pole,omni,2009-01-25,valid,117-117,39.8,1.2,0.2,1.2,0.2,6.3,0.9,,,,,30.0,2.4
north_pole,omni,2009-01-28,valid,117-117,13.8,1.4,0.2,0.7,0.2,3.1,1.0,,,,,8.5,1.1
north_pole,omni,2009-01-31,valid,117-117,9.7,0.8,0.1,0.4,0.1,2.2,0.6,,,,,5.6,0.8
north_pole,omni,2009-02-03,valid,117-117,15.0,1.6,0.2,0.9,0.2,0.0,0.0,,,,,13.6,1.0
north_pole,omni,2009-02-05,valid,117-117,32.1,1.7,0.3,1.8,0.3,6.5,1.4,,,,,21.7,1.8
north_pole,omni,2009-02-06,valid,117-117,26.0,0.8,0.2,1.2,0.1,4.9,0.7,,,,,20.1,1.8
north_pole,omni,2009-02-07,valid,117-117,61.7,5.3,0.6,2.5,0.7,0.0,0.0,,,,,48.4,2.7
north_pole,omni,2009-02-09,valid,117-117,6.0,1.0,0.1,0.8,0.1,0.0,0.0,,,,,5.7,0.6
north_pole,omni,2009-02-12,valid,117-117,32.0,1.3,0.2,0.9,0.2,4.0,1.0,,,,,22.2,1.6
north_pole,omni,2009-02-15,valid,117-117,34.3,1.5,0.3,1.3,0.2,4.6,1.1,,,,,22.6,1.7
north_pole,omni,2009-02-18,no_or_incomplete_cmb_dataset,117-117,,,,,,,,,,,,,
north_pole,omni,2009-02-21,valid,117-117,10.3,1.0,0.2,0.5,0.1,1.6,0.7,,,,,7.0,0.9
north_pole,omni,2009-02-24,valid,117-117,26.1,1.1,0.2,0.9,0.2,3.7,0.9,,,,,16.9,1.4
north_pole,omni,2009-02-27,valid,117-117,6.7,1.3,0.1,0.8,0.2,0.0,0.0,,,,,4.3,0.6
north_pole,omni,2009-03-02,valid,117-117,10.4,1.0,0.2,0.6,0.1,1.7,0.7,,,,,6.5,0.8
north_pole,omni,2009-03-05,mass_too_small_for_cmb,117-117,4.7,,,,,,,,,,,,
north_pole,omni,2009-03-08,valid,117-117,6.1,1.0,0.1,0.4,0.1,0.0,0.0,,,,,4.4,0.6
north_pole,omni,2009-03-11,valid,117-117,12.5,0.7,0.1,0.7,0.1,1.4,0.6,,,,,8.3,0.9
north_pole,omni,2009-03-14,valid,117-117,14.1,1.9,0.2,0.7,0.2,0.0,0.0,,,,,12.0,0.9
north_pole,omni,2009-03-17,mass_too_small_for_cmb,117-117,3.8,,,,,,,,,,,,
north_pole,omni,2009-03-20,mass_too_small_for_cmb,117-117,4.6,,,,,,,,,,,,
north_pole,omni,2009-03-23,mass_too_small_for_cmb,117-117,4.5,,,,,,,,,,,,
north_pole,omni,2009-03-26,mass_too_small_for_cmb,117-117,3.0,,,,,,,,,,,,
north_pole,omni,2009-03-29,valid,117-117,11.8,1.2,0.2,0.6,0.2,3.2,0.9,,,,,5.7,0.9
north_pole,omni,2009-04-01,valid,117-117,10.6,1.2,0.1,0.6,0.2,0.0,0.0,,,,,8.0,0.9
north_pole,omni,2009-04-04,valid,117-117,7.5,1.2,0.1,0.4,0.2,0.0,0.0,,,,,5.8,0.8
north_pole,omni,2009-04-07,valid,117-117,11.4,1.5,0.2,0.5,0.2,0.0,0.0,,,,,9.1,0.8
peger_road,epa,2009-01-25,valid,120-120,28.6,4.1,0.5,3.5,0.5,,,0.0,0.0,3.8,1.4,16.5,2.2
peger_road,epa,2009-01-28,valid,120-120,31.3,7.7,0.9,2.5,1.0,,,0.0,0.0,0.0,0.0,20.6,2.6
peger_road,epa,2009-01-31,valid,120-120,13.5,2.4,0.3,0.9,0.3,,,0.0,0.0,0.0,0.0,10.0,2.7
peger_road,epa,2009-02-03,valid,120-120,17.8,3.2,0.4,1.1,0.4,,,0.0,0.0,0.0,0.0,13.2,1.7
peger_road,epa,2009-02-05,valid,120-120,48.0,7.6,0.8,3.8,1.0,,,17.3,5.2,0.0,0.0,23.9,3.5
peger_road,epa,2009-02-06,no_or_incomplete_cmb_dataset,120-120,,,,,,,,,,,,,
peger_road,epa,2009-02-07,valid,120-120,32.7,4.8,0.6,2.5,0.6,,,0.0,0.0,3.1,1.1,22.4,2.8
peger_road,epa,2009-02-09,valid,120-120,9.2,1.2,0.1,1.1,0.2,,,0.0,0.0,1.4,0.6,6.2,1.0
peger_road,epa,2009-02-12,valid,120-120,22.8,3.0,0.3,2.2,0.5,,,0.0,0.0,2.7,0.8,14.9,2.0
peger_road,epa,2009-02-15,valid,120-120,32.1,4.7,0.5,4.2,0.8,,,0.0,0.0,3.5,1.2,19.6,2.6
peger_road,epa,2009-02-18,valid,120-120,17.5,3.3,0.4,1.6,0.5,,,0.0,0.0,1.7,0.8,11.1,1.6
peger_road,epa,2009-02-21,valid,120-120,14.6,2.6,0.3,1.0,0.3,,,0.0,0.0,2.1,1.0,8.3,1.3
peger_road,epa,2009-02-24,valid,120-120,20.1,2.9,0.3,2.5,0.5,,,0.0,0.0,1.8,0.7,13.1,1.8
peger_road,epa,2009-02-27,valid,120-120,8.0,1.7,0.2,0.8,0.2,,,0.0,0.0,0.0,0.0,5.3,0.8
peger_road,epa,2009-03-02,valid,120-120,17.5,3.5,0.4,1.5,0.5,,,0.0,0.0,2.1,0.8,10.9,1.6
peger_road,epa,2009-03-05,valid,120-120,5.7,1.0,0.1,0.7,0.2,,,0.0,0.0,1.0,0.5,2.6,0.6
peger_road,epa,2009-03-08,valid,120-120,8.0,1.9,0.2,0.6,0.2,,,0.0,0.0,0.0,0.0,5.2,1.5
peger_road,epa,2009-03-11,valid,120-120,16.6,2.0,0.2,2.2,0.3,,,0.0,0.0,4.1,1.0,8.2,1.3
peger_road,epa,2009-03-14,valid,120-120,11.9,2.6,0.3,0.8,0.4,,,0.0,0.0,1.6,0.8,6.8,1.1
peger_road,epa,2009-03-17,valid,120-120,10.2,2.0,0.2,0.6,0.3,,,0.0,0.0,0.0,0.0,7.2,0.9
peger_road,epa,2009-03-20,valid,120-120,7.4,1.4,0.2,0.5,0.2,,,0.0,0.0,0.0,0.0,5.0,0.7
peger_road,epa,2009-03-23,valid,120-120,11.5,2.2,0.3,0.7,0.3,,,0.0,0.0,1.7,0.7,6.9,1.0
peger_road,epa,2009-03-26,valid,120-120,6.7,0.9,0.1,0.3,0.1,,,0.0,0.0,0.0,0.0,5.5,0.8
peger_road,epa,2009-03-29,valid,120-120,10.9,1.8,0.2,0.9,0.2,,,0.0,0.0,1.4,0.6,6.8,1.0
peger_road,epa,2009-04-01,valid,120-120,13.0,1.9,0.2,1.1,0.3,,,0.0,0.0,0.0,0.0,9.8,1.2
peger_road,epa,2009-04-04,valid,120-120,7.9,1.2,0.1,0.4,0.2,,,0.0,0.0,0.0,0.0,6.8,1.6
peger_road,epa,2009-04-07,valid,120-120,13.3,2.2,0.2,1.3,0.3,,,0.0,0.0,0.0,0.0,9.4,2.5
peger_road,omni,2009-01-25,valid,121-121,28.6,2.2,0.4,2.7,0.4,9.9,1.8,,,,,12.2,1.7
peger_road,omni,2009-01-28,valid,121-121,31.3,7.7,0.9,2.3,1.0,0.0,0.0,,,,,21.0,1.6
peger_road,omni,2009-01-31,valid,121-121,13.5,1.3,0.2,0.7,0.2,5.8,1.0,,,,,5.0,1.1
peger_road,omni,2009-02-03,valid,121-121,17.8,3.1,0.4,1.4,0.4,0.0,0.0,,,,,13.3,1.0
peger_road,omni,2009-02-05,valid,121-121,48.0,3.7,0.7,3.3,0.6,19.9,3.0,,,,,17.3,2.7
peger_road,omni,2009-02-06,no_or_incomplete_cmb_dataset,121-121,,,,,,,,,,,,,
peger_road,omni,2009-02-07,valid,121-121,32.7,2.4,0.5,2.2,0.4,13.9,1.9,,,,,14.2,1.9
peger_road,omni,2009-02-09,valid,121-121,9.2,0.9,0.2,1.0,0.1,1.9,0.7,,,,,6.1,0.8
peger_road,omni,2009-02-12,valid,121-121,22.8,1.7,0.3,2.0,0.3,7.3,1.4,,,,,12.5,1.5
peger_road,omni,2009-02-15,valid,121-121,32.1,2.3,0.5,3.8,0.4,12.2,2.0,,,,,13.9,1.9
peger_road,omni,2009-02-18,valid,121-121,17.5,3.3,0.4,1.9,0.4,0.0,0.0,,,,,12.6,1.0
peger_road,omni,2009-02-21,valid,121-121,14.6,1.6,0.3,0.8,0.2,5.3,1.2,,,,,6.4,1.2
peger_road,omni,2009-02-24,valid,121-121,20.1,2.8,0.3,2.7,0.4,0.0,0.0,,,,,14.7,1.1
peger_road,omni,2009-02-27,valid,121-121,8.0,1.2,0.2,0.7,0.2,2.8,0.9,,,,,3.1,0.9
peger_road,omni,2009-03-02,valid,121-121,17.5,3.5,0.4,1.8,0.5,0.0,0.0,,,,,12.7,1.0
peger_road,omni,2009-03-05,valid,121-121,5.7,0.7,0.1,0.6,0.1,1.5,0.6,,,,,2.6,0.7
peger_road,omni,2009-03-08,valid,121-121,8.0,1.2,0.2,0.5,0.2,3.5,0.9,,,,,2.0,0.9
peger_road,omni,2009-03-11,valid,121-121,16.6,1.2,0.2,2.1,0.2,3.7,1.0,,,,,8.9,1.1
peger_road,omni,2009-03-14,valid,121-121,11.9,1.6,0.3,0.7,0.2,5.7,1.2,,,,,4.2,1.1
peger_road,omni,2009-03-17,valid,121-121,10.2,1.1,0.2,0.5,0.2,4.1,0.9,,,,,4.0,0.9
peger_road,omni,2009-03-20,valid,121-121,7.4,0.8,0.1,0.5,0.1,2.8,0.6,,,,,2.8,0.7
peger_road,omni,2009-03-23,valid,121-121,11.5,1.4,0.3,0.6,0.2,5.3,1.0,,,,,4.2,1.0
peger_road,omni,2009-03-26,valid,121-121,6.7,0.6,0.1,0.3,0.1,1.6,0.4,,,,,4.0,0.9
peger_road,omni,2009-03-29,valid,121-121,10.9,1.7,0.2,1.1,0.2,0.0,0.0,,,,,8.1,0.8
peger_road,omni,2009-04-01,valid,121-121,13.0,1.2,0.2,1.1,0.2,3.4,0.9,,,,,7.3,1.4
peger_road,omni,2009-04-04,valid,121-121,7.9,0.7,0.1,0.3,0.1,2.7,0.5,,,,,4.7,1.0
peger_road,omni,2009-04-07,valid,121-121,13.3,1.2,0.2,1.2,0.2,5.0,1.0,,,,,4.7,1.0
peger_road,omni_revised,2009-01-25,valid,122-122,28.6,2.2,0.4,2.7,0.4,9.9,1.8,0.0,0.0,0.0,0.0,12.2,1.7
peger_road,omni_revised,2009-01-28,valid,122-122,31.3,3.9,0.7,0.0,0.0,21.3,2.8,0.0,0.0,0.0,0.0,6.7,2.4
peger_road,omni_revised,2009-01-31,valid,122-122,13.5,1.3,0.2,0.7,0.2,5.8,1.0,0.0,0.0,0.0,0.0,5.0,1.1
peger_road,omni_revised,2009-02-03,valid,122-122,17.8,1.9,0.4,0.9,0.3,7.2,1.4,0.0,0.0,0.0,0.0,8.4,1.4
peger_road,omni_revised,2009-02-05,valid,122-122,48.0,3.8,0.7,3.1,0.6,19.9,3.0,7.4,3.1,0.0,0.0,17.8,5.3
peger_road,omni_revised,2009-02-06,no_or_incomplete_cmb_dataset,122-122,,,,,,,,,,,,,
peger_road,omni_revised,2009-02-07,valid,122-122,32.7,2.4,0.5,2.2,0.4,13.9,1.9,0.0,0.0,0.0,0.0,14.2,1.9
peger_road,omni_revised,2009-02-09,valid,122-122,9.2,0.9,0.2,1.0,0.1,1.9,0.7,0.0,0.0,0.0,0.0,6.1,0.8
peger_road,omni_revised,2009-02-12,valid,122-122,22.8,1.7,0.3,2.0,0.3,7.3,1.4,0.0,0.0,0.0,0.0,12.5,1.5
peger_road,omni_revised,2009-02-15,valid,122-122,32.1,2.3,0.5,3.8,0.4,12.2,2.0,0.0,0.0,0.0,0.0,13.9,1.9
peger_road,omni_revised,2009-02-18,valid,122-122,17.5,2.1,0.4,1.4,0.3,6.3,1.6,0.0,0.0,0.0,0.0,8.4,1.4
peger_road,omni_revised,2009-02-21,valid,122-122,14.6,1.6,0.3,0.8,0.2,5.3,1.2,0.0,0.0,0.0,0.0,6.4,1.2
peger_road,omni_revised,2009-02-24,valid,122-122,20.1,1.8,0.3,2.3,0.3,6.1,1.4,0.0,0.0,0.0,0.0,10.6,1.4
peger_road,omni_revised,2009-02-27,valid,122-122,8.0,1.2,0.2,0.7,0.2,2.8,0.9,0.0,0.0,0.0,0.0,3.1,0.9
peger_road,omni_revised,2009-03-02,valid,122-122,17.5,2.2,0.4,1.2,0.3,7.3,1.7,0.0,0.0,0.0,0.0,7.8,1.5
peger_road,omni_revised,2009-03-05,valid,122-122,5.7,0.7,0.1,0.6,0.1,1.5,0.6,0.0,0.0,0.0,0.0,2.6,0.7
peger_road,omni_revised,2009-03-08,valid,122-122,8.0,1.2,0.2,0.5,0.2,3.5,0.9,0.0,0.0,0.0,0.0,2.0,0.9
peger_road,omni_revised,2009-03-11,valid,122-122,16.6,1.3,0.3,2.1,0.2,3.6,1.1,0.0,0.0,2.4,1.0,6.8,1.2
peger_road,omni_revised,2009-03-14,valid,122-122,11.9,1.6,0.3,0.7,0.2,5.7,1.2,0.0,0.0,0.0,0.0,4.2,1.1
peger_road,omni_revised,2009-03-17,valid,122-122,10.2,1.1,0.2,0.5,0.2,4.1,0.9,0.0,0.0,0.0,0.0,4.0,0.9
peger_road,omni_revised,2009-03-20,valid,122-122,7.4,0.8,0.1,0.5,0.1,2.8,0.6,0.0,0.0,0.0,0.0,2.8,0.7
peger_road,omni_revised,2009-03-23,valid,122-122,11.5,1.4,0.3,0.6,0.2,5.3,1.0,0.0,0.0,0.0,0.0,4.2,1.0
peger_road,omni_revised,2009-03-26,valid,122-122,6.7,0.6,0.1,0.3,0.1,1.6,0.4,0.0,0.0,0.0,0.0,4.0,0.9
peger_road,omni_revised,2009-03-29,valid,122-122,10.9,1.1,0.2,0.8,0.2,4.0,0.8,0.0,0.0,0.0,0.0,5.1,0.9
peger_road,omni_revised,2009-04-01,valid,122-122,13.0,1.2,0.2,1.1,0.2,3.4,0.9,0.0,0.0,0.0,0.0,7.3,1.4
peger_road,omni_revised,2009-04-04,valid,122-122,7.9,0.7,0.1,0.3,0.1,2.7,0.5,0.0,0.0,0.0,0.0,4.7,1.0
peger_road,omni_revised,2009-04-07,valid,122-122,13.3,1.2,0.2,1.2,0.2,5.0,1.0,0.0,0.0,0.0,0.0,4.7,1.0
