relative_path,bytes,sha256
tasks/CODEX_CYCLE_02_FAIRBANKS.md,9116,738577b25317c3a75a6f752c35379d0912760632f8e2cc9c19de3ceb5c02db8c
outputs/cycle02/admission_report.md,3773,dda406d970e30c213bf08a5491c97c9f65198fe1dc26be13c34c44fda51af3f5
outputs/cycle02/appendix_c_2008_2009_daily.csv,26799,42400f44d257a8802989726e6b63886f6f9f39c1f2d4e87849f8c8d2a29ab040
outputs/cycle02/aqs_state_building_mass_crosscheck.csv,13288,1614c4b6b072ead570036f3ab70674520b161b44450c88eeeb1d65b709bc9616
outputs/cycle02/aqs_state_building_receptor_candidates.csv,483025,f8b59bc318004f4fa522a2943d3e4950317567bd1a9506b1498d1a359f3058b0
outputs/cycle02/EDITORIAL_RECOMMENDATION.md,1015,29135c7020112c8687b94e6bc264548f62d2f2f5b99fe7f049c99631ae0cd28a
outputs/cycle02/exact_case_crosswalk.csv,39040,074f157e4a449587a7269f68e6938691404613a21848824bb9612d61b5293376
outputs/cycle02/fairbanks_evidence_register.csv,2457,546f7ce44f09447c29e9846b1c0e393b92f8d211b667633946e48984a65dd124
outputs/cycle02/KEEP_HOLD_REMOVE.md,1480,e486db605e80f01a1b39f0aa43de6fe4d07bb053a6c7aef24f9b5c55f0eacbd0
outputs/cycle02/profile_registry.csv,7253,5e8c3d21b226307b585885e5ed046b219d95cec449d183299f51d760923de09c
outputs/cycle02/profile_system_sensitivity_summary.csv,400,8c65325309b9a8fe39b2dc66ff4c7021b386a37f939ba85e18290787eceaf6ac
outputs/cycle02/reproduction.md,1335,0337ea42231eebe04c62ebb33f8f2c6490503e43b14fce83adf9f64cd22a0d54
outputs/cycle02/SCIENTIFIC_CHANGELOG.md,1154,efb915c7733f9ae8f2bbbf16f7455b17b8d4178dde55015d83ff8f815ff385f9
outputs/cycle02/source_inventory.csv,3032,1f738d39fb9d2295abd47686f2a305c46c67c89c94cee08cc955861b1f8ceb74
outputs/cycle02/source_recovery_attempts.csv,1564,64ce8b065c150bf5adfc124ac9ca960024295523428347264f01bdfe5521996e
scripts/extract_cycle02_fairbanks.py,15275,7003a724d6cb1f388e63c29db375bad51f4a8c69eec738b1058724c8758ca0a1
scripts/build_cycle02_package.py,2807,c11c1d9e1a52182b02d58f870190235860855f8cd134853fb8935a5730820037
tests/test_cycle02_fairbanks.py,5022,d3e02cad784697c620585d86d7ed3b0c2bc317627ba63fc4d78b40a13fefc5af
