gap_id,domain,severity,status,submission_blocker,required_artifact_or_action,evidence,owner_boundary,disposition
GAP-01,baseline_identity,critical,BLOCKED,yes,Exact R3nR7-AE manuscript/supplement binary and editable source,Accessible Drive; repository; local filename; and authorized conversation searches found no exact artifact,author_or_project_archive,HOLD
GAP-02,JRC_computation,high,ARCHIVAL_LIMITATION,no,"Recover if a future editor/reviewer, repository policy, or verification task requires independent raw recomputation",Repository and Drive bridge contain no central JRC computational archive,project_archive_or_future_editorial_request,HOLD_FUTURE
GAP-03,EPA_computation,high,ARCHIVAL_LIMITATION,no,"Recover if a future editor/reviewer, repository policy, or verification task requires independent raw recomputation",Repository and Drive bridge contain no central EPA substitution archive,project_archive_or_future_editorial_request,HOLD_FUTURE
GAP-04,manuscript_build,high,BLOCKED,yes,Authoritative editable Main and Supplement source plus build instructions,Only historical PDF anchors were recovered,author_or_project_archive,HOLD
GAP-05,data_code_statement,high,BLOCKED,yes,Final repository DOI or URL and licence matching the deposited reproducibility archive,R3l states that an archive is prepared but leaves repository link and licence unresolved,authors,HOLD
GAP-06,legacy_manifest,medium,KNOWN_STALE,no,Preserve Cycle 01 as an archival snapshot; repair only through a separately versioned housekeeping action if desired,Five current-tree mismatches on the Cycle 04 branch: CODEX.md; README.md; PROJECT_STATE.md; outputs/cycle01/admission_summary.json; outputs/cycle01/candidate_campaigns.csv. Four predated Cycle 04; CODEX.md changed to record the current mandate,project_maintainer,HOLD_FUTURE
GAP-07,project_environment,medium,DOCUMENTED_NOT_ENFORCED,no,When core analyses are recovered; add a machine-enforced whole-project runtime and continuous verification,Cycle 04 is tested with CPython 3.12.14 and uses the standard library; this documents but does not enforce a runtime pin,project_maintainer,HOLD_FUTURE
GAP-08,submission_metadata,high,BLOCKED,yes,Target journal; final author names/affiliations/ORCIDs; corresponding-author details; declarations; conflicts; funding; contribution statement,Not supplied in the accessible repository/Drive task materials,authors,HOLD
GAP-09,pending_external_evidence,watch,LIVE_PENDING,no,Preserve and provenance any future Palmer/Ward or Watson/Chow reply; ADEC remains unsent,Two live pending investigator channels: Palmer/Ward and Watson/Chow. Pending channels are not negative evidence and do not authorize a new claim,authors_and_project_monitor,KEEP_PENDING
