asset_id,file_name,bytes,sha256,md5,public_record,rights_status,verified_contents,critical_absences,handling
fairbanks_030113,Fairbanks_CMB_Report_Univ_MT_Final_030113.pdf,797536,d546f2eec1fe69f871302cee0ec01190fa5add438875a83b1b08b0e98e1d1c03,ab2761ae663b1d3e59dc938f1ff9c8f2,https://web.archive.org/web/20131230105641id_/http://dec.alaska.gov/air/anpms/comm/docs/fbxSIPpm2-5/Fairbanks_CMB_Report_Univ_MT_Final_030113.pdf,"ADEC public report; redistribution terms not stated","35-page report; Table 12 has 39 radiocarbon rows and 37 rows with CMB wood-smoke percentages","No electronic CMB inputs; no sample-level receptor/uncertainty files; no exact selectors; no complete profile vectors/uncertainties",metadata_and_derived_rows_only
barrow_si,Barrow_2015_ACS_supporting_information.pdf,2216864,14aa663cb2a1b0d8c83d5c8249f47234123bde349bff48090cb03971d1087a65,a2f9068e8e32c347b65756668b78e1e3,https://acs.figshare.com/articles/journal_contribution/Source_Contributions_to_Wintertime_Elemental_and_Organic_Carbon_in_the_Western_Arctic_Based_on_Radiocarbon_and_Tracer_Apportionment/2125396,CC BY-NC 4.0,"14 pages; Tables S1-S2 give an exact four-interval CMB/radiocarbon OC-EC crosswalk; Table S3 gives seven wood levoglucosan/EC ratios","No sample-level full CMB receptor matrix/uncertainties; no final complete profiles/profile uncertainties; no selector/run files",metadata_and_derived_rows_only
barrow_si_acs,Barrett_2015_ESandT_Supporting_Information_official_ACS.pdf,2250685,05484065cba94746e4f048d6dd34d5c9cbf16552d876428f9c2801fb446fc165,2982a3584952ab02062abc4ea920766d,https://pubs.acs.org/esthag/article-supplement/1480314/pdf/es5b03081_si_001/,Publisher supporting information,"Official ACS rendering of the same supporting-information tables","Byte identity differs from the Figshare copy; no CMB input package",metadata_only
barrow_dissertation,BARRETT-DISSERTATION-2016.pdf,16428674,abfbac7f88ff8f73ef2724b988e3418c8515950ada4ace5526293b03f9288853,a0d4fcd1b559be6ebb10e95f8c48fa42,https://baylor-ir.tdl.org/items/fe9e69e5-363a-4b52-9a88-674af08263ea,Baylor institutional-repository dissertation,"Method sequence and direct evidence that radiocarbon-derived contemporary EC informed the wood-profile half-life screen and Maine-profile selection","No complete receptor/profile/control files; Baylor MD5 matched",metadata_only
barrow_arm_report,DOE-SC-ARM-14-017_BBCSI_Final_Report.pdf,864441,be4152fa7b41671d65838c13336ec31f3d96d1ae1cf863b39bbe76f2a9196d25,314b5c885d47bef9b5d367152ce451c2,https://www.osti.gov/servlets/purl/1192173,US Department of Energy public report,"Campaign provenance and 87 archived physical samples (38 PM2.5 and 49 PM10)","Current ARM campaign record exposes no electronic organic-tracer/CMB dataset",metadata_only
aphh_article,Xu_2021_APHH_Beijing_multi_method.pdf,966170,fb1759c07dc3813bfc256173892742e3c4093442d0d972cb37bde531fe4d6d3b,2a8c3bc7a031c118c60e46e103732431,https://pure-oai.bham.ac.uk/ws/portalfiles/portal/136160375/d0fd00095g.pdf,CC BY,"CMB8.2 methods; 13 IAP and 12 PG radiocarbon samples; Table 2 seasonal group means","No sample-level CMB table for the radiocarbon samples; no public model inputs or controls",metadata_only
aphh_workbook,APHH_Beijing_radiocarbon_extended_Gelencser.xlsx,21633,ac2e725312e8339db3770583280b55768336f324d727b3bfaecd8b6aed90cd6f,f1be3a5a0cb61ff9f753254506e8ee81,https://edata.bham.ac.uk/572/,CC BY 4.0,"Two calculation sheets; the same 25 dated samples (13 IAP and 12 PG) with radiocarbon and extended-Gelencser outputs","No uncertainties; no CMB output; no receptor chemistry; no profiles or selectors",metadata_only
chengdu_article,Tian_Chengdu_CMB_preprint.pdf,721836,cc74f7341a50d215040fabab4570e8ffa276278b9944734df40cdbd1689e9226,13bd1775a2ed1f722c030d141bcfebac,https://acp.copernicus.org/preprints/acp-2021-1007/acp-2021-1007.pdf,CC BY 4.0,"CMB methods and coal/gasoline profile-sensitivity narrative; OM-CMB and IOM-CMB comparison","No complete machine-readable receptor/uncertainty/profile/control package; no independent source-specific same-sample reference",metadata_only
chengdu_workbook,Chengdu_organic_components_PM25.xlsx,29568,daa48d6e1c8f0aa3ee0ae2f70d75922445f657eec91fa9cbdc6fc57c9cbad021,1dddd55281b5a84abc3504386daebda9,https://edata.bham.ac.uk/745/,CC BY 4.0,"One sheet; 64 dated rows and 19 organic-species columns; row 22 contains seven formulas dividing row 21 values by two","No measurement uncertainties; no inorganic receptor matrix; no profiles; no CMB outputs; formulas are not treated as independent measured values",metadata_only
